{
  "project_info": {
    "project_number": "210658228051",
    "project_id": "tasks-4fe22",
    "storage_bucket": "tasks-4fe22.firebasestorage.app"
  },
  "client": [
    {
      "client_info": {
        "mobilesdk_app_id": "1:210658228051:android:e69ae5b6b086550af213a6",
        "android_client_info": {
          "package_name": "com.example.kiosk_finder"
        }
      },
      "oauth_client": [],
      "api_key": [
        {
          "current_key": "AIzaSyBUyt-KW0ee0oa69CorJjoc5PTCTKuiSoc"
        }
      ],
      "services": {
        "appinvite_service": {
          "other_platform_oauth_client": []
        }
      }
    }
  ],
  "configuration_version": "1"
}